{
    "loss": 0.6012904644012451,
    "accuracy": 0.8371428847312927
}