{
    "loss": 0.10136281698942184,
    "accuracy": 0.9719047546386719
}